{"cameraMode":{"drawMode":0,"name":"Shaded","section":"Shading Mode"},"sceneLighting":false,"audioPlay":false,"sceneViewState":{"m_AlwaysRefresh":false,"showFog":true,"showSkybox":false,"showFlares":true,"showImageEffects":true,"showParticleSystems":true,"showVisualEffectGraphs":true,"m_FxEnabled":true},"in2DMode":false,"pivot":{"x":4.800000190734863,"y":2.200000047683716,"z":5.659999847412109},"rotation":{"x":0.0003209346323274076,"y":0.7105276584625244,"z":-0.00011820750660263002,"w":0.7037690877914429},"size":3.6494901180267336,"orthographic":false}