{"cameraMode":{"drawMode":0,"name":"Shaded","section":"Shading Mode"},"sceneLighting":false,"audioPlay":false,"sceneViewState":{"m_AlwaysRefresh":false,"showFog":true,"showSkybox":false,"showFlares":true,"showImageEffects":true,"showParticleSystems":true,"showVisualEffectGraphs":true,"m_FxEnabled":true},"in2DMode":false,"pivot":{"x":-2.5634965896606447,"y":-1.4637868404388428,"z":2.8677005767822267},"rotation":{"x":0.17615455389022828,"y":-0.4746071398258209,"z":0.09770367294549942,"w":0.856916069984436},"size":0.9538805484771729,"orthographic":false}