{"cameraMode":{"drawMode":0,"name":"Shaded","section":"Shading Mode"},"sceneLighting":false,"audioPlay":false,"sceneViewState":{"m_AlwaysRefresh":false,"showFog":true,"showSkybox":false,"showFlares":true,"showImageEffects":true,"showParticleSystems":true,"showVisualEffectGraphs":true,"m_FxEnabled":true},"in2DMode":false,"pivot":{"x":0.019097361713647844,"y":0.5930736064910889,"z":6.473621368408203},"rotation":{"x":0.03547653183341026,"y":0.10447044670581818,"z":0.003843470010906458,"w":-0.9939480423927307},"size":3.866024971008301,"orthographic":false}