{"cameraMode":{"drawMode":0,"name":"Shaded","section":"Shading Mode"},"sceneLighting":false,"audioPlay":false,"sceneViewState":{"m_AlwaysRefresh":false,"showFog":true,"showSkybox":false,"showFlares":true,"showImageEffects":true,"showParticleSystems":true,"showVisualEffectGraphs":true,"m_FxEnabled":true},"in2DMode":false,"pivot":{"x":-0.17121505737304688,"y":0.6167961955070496,"z":6.531195640563965},"rotation":{"x":-0.0014282299671322108,"y":-0.9980267286300659,"z":-0.02214420586824417,"w":0.05992433428764343},"size":2.666025161743164,"orthographic":false}