{"cameraMode":{"drawMode":0,"name":"Shaded","section":"Shading Mode"},"sceneLighting":false,"audioPlay":false,"sceneViewState":{"m_AlwaysRefresh":false,"showFog":true,"showSkybox":false,"showFlares":true,"showImageEffects":true,"showParticleSystems":true,"showVisualEffectGraphs":true,"m_FxEnabled":true},"in2DMode":false,"pivot":{"x":-2.6545071601867677,"y":0.49139195680618288,"z":3.0808513164520265},"rotation":{"x":0.014032932929694653,"y":-0.3915356397628784,"z":0.006123898550868034,"w":0.9201129078865051},"size":3.5518360137939455,"orthographic":false}